run,size,ratio,sampling_time_s,total_time_s
1,15000,1.0025638451762338,2.2993427,2.3483432
2,15000,1.0020329633939722,2.3287945,2.3845884
3,15000,1.0021618029247805,2.3845299,2.4404947
4,15000,1.0027783477403736,2.374874,2.4352638000000004
5,15000,1.0019403799359758,2.4629613,2.5105430999999996
6,15000,1.001853200889778,2.3227903999999997,2.3654628000000004
7,15000,1.0022745470405703,2.383509400000001,2.4304193000000005
8,15000,1.0017653429565,2.4625204000000007,2.5053727000000006
9,15000,1.002816599040561,2.406646499999999,2.4457492
10,15000,1.0019225308760695,2.3840816999999994,2.4307710999999994
11,15000,1.0021715587898024,2.4568595999999996,2.5129026999999997
12,15000,1.0031694278265755,2.4061816999999994,2.4630875000000003
13,15000,1.0023635666249853,2.5407574000000004,2.5922739000000004
14,15000,1.0021549704790356,2.5146218000000005,2.567627699999999
15,15000,1.0035912944536551,2.671363699999999,2.7277419999999992
16,15000,1.0021605248639363,2.4998623,2.554245400000001
17,15000,1.002647880351001,2.656319599999998,2.706891399999998
18,15000,1.0025955892209975,2.5567356000000014,2.605829999999999
19,15000,1.002246819842163,2.5654537999999985,2.6021832999999983
20,15000,1.002745116598642,2.5394276000000016,2.5824298000000017
21,15000,1.0032274988736603,2.377533100000001,2.4237733000000006
22,15000,1.0024576173905748,2.3699423000000017,2.4160146000000005
23,15000,1.0020404112860113,2.417342099999999,2.4649946000000007
24,15000,1.0026993065023204,2.3505326999999987,2.395688700000001
25,15000,1.002595078381943,2.7103199999999994,2.7779133000000016
26,15000,1.0019956688684446,2.6975008000000003,2.7607896000000025
27,15000,1.0028156413284748,2.7825334999999995,2.831730199999999
28,15000,1.0018328405449815,2.763029900000003,2.8140395000000034
29,15000,1.0025010387408146,2.7343908,2.7855741999999992
30,15000,1.0023472994960592,2.7373280000000015,2.7911859999999997
31,15000,1.0019464585239075,2.6369799999999977,2.6804102999999984
32,15000,1.0017968883821902,2.7603942000000004,2.808527699999999
33,15000,1.0019163837376626,2.560551799999999,2.6088179999999994
34,15000,1.002069048191856,2.5588905000000004,2.6053935000000017
35,15000,1.0020779878377766,2.6075964999999997,2.6499863999999995
36,15000,1.001937875431275,2.6159008999999998,2.661173099999999
37,15000,1.0024267315568758,2.609613200000002,2.6606444000000025
38,15000,1.0029447666686673,2.6873799,2.7413315999999988
39,15000,1.0023730910726545,2.6882154000000007,2.741209699999999
40,15000,1.0022620241474232,2.7869577999999997,2.8269497
41,15000,1.001620714217214,2.3877541999999963,2.426726500000001
42,15000,1.0025351574360561,2.405317799999999,2.443920900000002
43,15000,1.0023644920403931,2.441875899999996,2.4861027
44,15000,1.0022560374944327,2.3543366000000034,2.393010199999999
45,15000,1.0025934494519846,2.526075200000001,2.5679846000000026
46,15000,1.0016193549983186,2.5867543999999967,2.6299104
47,15000,1.0016848925002064,2.644078300000004,2.686487200000002
48,15000,1.0017248700784493,2.5933160000000015,2.637754100000002
49,15000,1.001842015910467,2.495414199999999,2.5350997999999976
50,15000,1.0026471582413368,2.4876931000000013,2.524041100000005
51,15000,1.0019622867742224,2.479137999999999,2.521934300000005
1,16000,1.0016671439649167,2.494771700000001,2.548397400000006
2,16000,1.001565795786037,2.352042399999995,2.401619999999994
3,16000,1.0020564124826543,2.3433329,2.3848047999999977
4,16000,1.0018300562965963,2.3819771000000003,2.433117899999999
5,16000,1.0012177645266103,2.361532199999999,2.4093725999999975
6,16000,1.0015325554527272,2.4802491000000018,2.5233808999999994
7,16000,1.0024140334606804,2.4445445999999933,2.489428299999993
8,16000,1.0019240741814042,2.471769000000002,2.5139065999999985
9,16000,1.001744063534369,2.424447999999998,2.464500100000002
10,16000,1.0015032930325356,2.6122119999999995,2.663006099999997
11,16000,1.0019709010813225,2.5188598000000013,2.5639693999999977
12,16000,1.002482321037048,2.5317958999999988,2.581745599999998
13,16000,1.0022702620415413,2.5786275999999972,2.6330315000000013
14,16000,1.0022263050898155,2.4500098999999977,2.501250800000001
15,16000,1.0025904810261854,2.451386499999998,2.4976774000000006
16,16000,1.0020731760554955,2.4236503999999996,2.4771924
17,16000,1.0018297401327885,2.3888105999999993,2.441582000000004
18,16000,1.0023118543285843,2.4051523999999986,2.4577482999999987
19,16000,1.002183933625794,2.4465014000000025,2.4956514
20,16000,1.003007419821657,2.411498299999998,2.458662099999998
21,16000,1.0021808061284136,2.4352666000000056,2.4884059000000036
22,16000,1.002091044597552,2.5079370999999995,2.5591273
23,16000,1.0015832066821173,2.4240138999999985,2.4750197999999983
24,16000,1.0022572335260065,2.502126799999999,2.5463735000000014
25,16000,1.002132016457218,2.4579334000000017,2.500212099999999
26,16000,1.0023936483357179,2.3978143000000003,2.4531873000000033
27,16000,1.002197923150284,2.335053500000001,2.393347899999995
28,16000,1.0018577300188745,2.3747180999999955,2.4196475999999976
29,16000,1.0016101068354253,2.4568344999999994,2.502252900000002
30,16000,1.0021322301400073,2.3364786999999936,2.3832345999999944
31,16000,1.0016301215090608,2.401855099999999,2.4475056999999936
32,16000,1.0020482993007123,2.3632009999999966,2.4063704
33,16000,1.0024416313353428,2.3745508999999956,2.422373399999998
34,16000,1.0018853255994007,2.701489600000002,2.7529832000000027
35,16000,1.0025636413022596,2.6456262000000024,2.6910851999999963
36,16000,1.0018689281778557,2.5828950000000006,2.6356752000000014
37,16000,1.0014133820617495,2.714049100000004,2.763800400000001
38,16000,1.0017877819110708,2.3851743000000027,2.433070200000003
39,16000,1.0017597050150016,2.3854592000000068,2.4385925999999998
40,16000,1.0018781557586516,2.379626299999998,2.4306887999999987
41,16000,1.0016872584190855,2.440609699999996,2.4809376999999984
42,16000,1.0014024018381606,2.3580716999999964,2.403066300000006
43,16000,1.0026210855591418,2.4588449000000026,2.5011697000000055
44,16000,1.0020413292639876,2.3838989999999995,2.434277800000004
45,16000,1.0017909841365258,2.497403300000002,2.5448971
46,16000,1.002129113680502,2.422921500000001,2.468022099999999
47,16000,1.0016413748601831,2.420500700000005,2.4646822999999927
48,16000,1.0021193680928353,2.410914500000004,2.4629138000000097
49,16000,1.0017343431143129,2.4449618000000015,2.4862559000000033
50,16000,1.0024493651339377,2.446948700000007,2.495421500000006
51,16000,1.0017901177728052,2.3984707000000043,2.440388299999995
1,17000,1.0011901864567403,2.418672799999996,2.4726883000000015
2,17000,1.0016421508096645,2.4341955999999954,2.4789382000000018
3,17000,1.0017531176365848,2.6161654,2.6764459000000045
4,17000,1.0017347772541494,2.6069222999999937,2.6694288999999998
5,17000,1.0015873540381042,2.7085352,2.7554734999999937
6,17000,1.0016495037119462,2.7168446000000017,2.7718050000000005
7,17000,1.0017893283599861,2.7134027999999972,2.765656899999996
8,17000,1.0017424413765261,2.6845545999999985,2.7367519000000016
9,17000,1.001486399622538,2.6359408,2.682342900000009
10,17000,1.0017893004072351,2.648028299999993,2.6973495999999955
11,17000,1.0016446329738942,2.349913000000001,2.4039294999999896
12,17000,1.0018652288794232,2.4404243000000037,2.48472910000001
13,17000,1.0019042197610835,2.373822099999998,2.4214648000000096
14,17000,1.0016319310950963,2.3801737000000003,2.4209618000000006
15,17000,1.002273452457878,2.4286361000000056,2.471057799999997
16,17000,1.0020221589018707,2.3969305000000105,2.448145800000006
17,17000,1.0021698467441822,2.386488,2.438003199999997
18,17000,1.0019199061169783,2.4460425999999984,2.4878598999999895
19,17000,1.0015627141401466,2.4688235999999932,2.527436399999999
20,17000,1.0013800271060491,2.4521874999999937,2.513895599999998
21,17000,1.0015291127556214,2.4503760999999997,2.5007892
22,17000,1.0017921826134788,2.4340839000000045,2.4795766999999955
23,17000,1.0015920556895914,2.4296648999999917,2.4775723999999997
24,17000,1.0019754930531395,2.4818388999999996,2.5303334999999976
25,17000,1.0016126065350415,2.4237852999999916,2.4806399
26,17000,1.0024993274716494,2.568444400000004,2.622163200000003
27,17000,1.0022033732664535,2.709459499999994,2.7581249999999926
28,17000,1.0017015531582105,2.6968593,2.7628303000000045
29,17000,1.00204137107609,2.7001675000000063,2.760651199999998
30,17000,1.0015959530434848,2.6861131,2.73369790000001
31,17000,1.0015952581795435,2.6406735000000054,2.6920056000000017
32,17000,1.0021050273132108,2.6391201999999936,2.693344400000001
33,17000,1.0020082143989695,2.604697200000004,2.664995199999993
34,17000,1.001383623321993,2.6128572000000077,2.6628108000000026
35,17000,1.0018312757610006,2.6476691000000017,2.6945856999999904
36,17000,1.0016913865828165,2.7332839999999976,2.7850454000000013
37,17000,1.001730526173637,2.665018900000007,2.713499100000007
38,17000,1.0014989604639468,2.734373599999998,2.793460600000003
39,17000,1.0014290851547623,2.7545444999999944,2.8033768999999893
40,17000,1.0017673133141136,2.7871009999999927,2.8412919999999957
41,17000,1.0018935827668343,2.692996000000008,2.743928199999999
42,17000,1.0015887168607023,2.6639833999999922,2.7123559999999998
43,17000,1.0014899680083218,2.6338045000000108,2.6963910999999996
44,17000,1.0015119248120683,2.669396699999993,2.719178400000004
45,17000,1.0014127819434149,2.7437438999999983,2.786311299999994
46,17000,1.0014968079527096,2.6227949000000024,2.671482900000001
47,17000,1.0012428779314635,2.433177200000003,2.479924600000004
48,17000,1.0013117459228833,2.3527169999999984,2.3954908000000046
49,17000,1.0017430205451883,2.460120599999996,2.508457800000002
50,17000,1.0011588432729333,2.4140866999999986,2.463985199999996
51,17000,1.0018490833345393,2.326489099999989,2.3745146999999918
1,18000,1.0014104900510865,2.514414000000002,2.5624784000000034
2,18000,1.0017676451740571,2.468979400000009,2.5160947000000107
3,18000,1.0016767863963159,2.5250807000000037,2.5688447999999937
4,18000,1.0015865450446015,2.430851099999998,2.4854926999999947
5,18000,1.0016872161267374,2.431988599999997,2.477557500000003
6,18000,1.0016641253468919,2.5042186999999956,2.5521432000000033
7,18000,1.0024833424294193,2.469883800000005,2.5165427999999963
8,18000,1.0014623015056736,2.3856427999999994,2.4380246000000056
9,18000,1.0014113512882998,2.4400294000000002,2.489469700000001
10,18000,1.0014055397108095,2.421956800000004,2.4713284000000044
11,18000,1.001209097130996,2.3785100000000057,2.4258463000000035
12,18000,1.0012639024503227,2.403549500000011,2.4566235000000063
13,18000,1.0020384496140102,2.4056254999999993,2.4556405000000012
14,18000,1.001409434011978,2.344931200000005,2.3911169
15,18000,1.0016441722220697,2.457535100000001,2.5079212999999925
16,18000,1.0017154516970277,2.3844812000000104,2.43130450000001
17,18000,1.0016891048138379,2.3219775000000027,2.377504000000002
18,18000,1.0019037264657902,2.3663928,2.4183728
19,18000,1.0017666601229913,2.4322753000000006,2.480466199999995
20,18000,1.0013779727970176,2.389265800000004,2.433351200000004
21,18000,1.0017353234049202,2.3674596000000037,2.415305899999993
22,18000,1.0013970598460995,2.4377527999999984,2.495439899999994
23,18000,1.0014271991300263,2.453493899999998,2.5059731999999997
24,18000,1.001475143427358,2.3601420999999903,2.4119804999999985
25,18000,1.001788868224163,2.4849887999999964,2.5463708999999994
26,18000,1.0016360372083541,2.561694199999991,2.610601499999987
27,18000,1.0014270430746832,2.5739659999999986,2.6219705999999974
28,18000,1.002239708373405,2.5927205999999927,2.644876400000001
29,18000,1.001710968973572,2.531118400000011,2.5833390000000094
30,18000,1.0018487142267012,2.638205499999998,2.691650899999999
31,18000,1.0017912306768313,2.5641119999999944,2.6182038000000034
32,18000,1.0019022710746337,2.723836399999996,2.7784171999999927
33,18000,1.0014268347225617,2.665900199999996,2.7265615999999966
34,18000,1.0016295022523476,2.8878514000000024,2.9419170000000037
35,18000,1.0011991975493684,2.9397057000000046,2.991033999999999
36,18000,1.0010455325332122,2.635698199999993,2.683591000000007
37,18000,1.0014679051185973,2.7107711000000023,2.7543431
38,18000,1.0013020835119428,2.440241699999987,2.4887490999999926
39,18000,1.001242859617843,2.39556180000001,2.4485237999999896
40,18000,1.001512478337596,2.322623699999994,2.372789900000001
41,18000,1.00195522209302,2.3800872000000197,2.4298855000000117
42,18000,1.0017301225224806,2.3579467999999935,2.4024392000000176
43,18000,1.00149750844808,2.3839194999999904,2.4384059999999863
44,18000,1.0020844053914777,2.3380702999999983,2.388859300000007
45,18000,1.0016060169172196,2.3500204000000053,2.4003385000000037
46,18000,1.001476103506551,2.3847478000000137,2.4346208999999988
47,18000,1.0012805210907356,2.4098121000000106,2.456332300000014
48,18000,1.0016832516196457,2.375206800000001,2.42262199999999
49,18000,1.002207225053957,2.3472375999999997,2.3945364999999867
50,18000,1.0019208295609345,2.4139412999999763,2.473773499999993
51,18000,1.0020297106002012,2.4597878999999807,2.5132105999999794
1,19000,1.0011551065680293,2.3609723000000145,2.4083460999999886
2,19000,1.001411979447067,2.391180899999995,2.4582961000000125
3,19000,1.0012125974983241,2.3488061000000187,2.4015902000000153
4,19000,1.0012610806290985,2.373384200000004,2.422477200000003
5,19000,1.0015348159576831,2.4507547000000045,2.5090819000000124
6,19000,1.0015187403522525,2.3719025999999985,2.422563700000012
7,19000,1.0009308852384429,2.3218499999999835,2.3721530999999914
8,19000,1.0016966804510286,2.3928161999999986,2.44731569999999
9,19000,1.001324989615427,2.404785799999985,2.452896399999986
10,19000,1.0015714337943433,2.364695100000006,2.4162642999999946
11,19000,1.0012367762170742,2.374165299999987,2.4271678000000065
12,19000,1.0016998787607485,2.3684054000000003,2.4264261000000147
13,19000,1.0015263978880398,2.3315246999999886,2.382876099999976
14,19000,1.0012515058556968,2.4284667999999954,2.480729399999973
15,19000,1.0017887309221882,2.3718352999999865,2.4243221999999776
16,19000,1.0012208405970335,2.4272019,2.4747509000000036
17,19000,1.0011748762447559,2.3777448000000163,2.4237343000000067
18,19000,1.000810197185055,2.4312642000000153,2.482055700000018
19,19000,1.0013203419716221,2.450116300000019,2.497826300000014
20,19000,1.0012133124280755,2.526323700000006,2.579148300000014
21,19000,1.0013083853947906,2.3911079000000086,2.4382311000000243
22,19000,1.0012677759405804,2.4684211000000005,2.52534780000002
23,19000,1.0012413319870515,2.454765699999996,2.5064886000000115
24,19000,1.0014046833920422,2.501468299999999,2.5533551000000045
25,19000,1.0016992052260574,2.4683469000000002,2.5183734999999956
26,19000,1.001526588662618,2.4208340000000135,2.4720918000000154
27,19000,1.001247837645134,2.3957056000000136,2.455091100000004
28,19000,1.001351330263396,2.45594779999999,2.5082604000000117
29,19000,1.0014683701393718,2.388676299999986,2.436255299999999
30,19000,1.0015755763348948,2.4903620999999987,2.5379067000000077
31,19000,1.0013396419454024,2.4888976000000014,2.53606640000001
32,19000,1.0016108926150624,2.443065499999989,2.4923100999999974
33,19000,1.0014133170085624,2.3793997999999874,2.4281753999999864
34,19000,1.001699300459889,2.4781150999999966,2.5280347000000063
35,19000,1.0010256933132937,2.366262799999987,2.4252746999999886
36,19000,1.001668618753777,2.4355825000000095,2.4867860000000235
37,19000,1.0014469611689454,2.3400390999999843,2.3901918999999907
38,19000,1.0014335965012648,2.457766499999991,2.5117460000000165
39,19000,1.0014021541913989,2.4351130999999953,2.4886661000000174
40,19000,1.0014849696311876,2.4806423999999936,2.5304206000000136
41,19000,1.0012913048024221,2.4441089000000034,2.493037700000002
42,19000,1.0013010924811916,2.4025541999999973,2.4525308999999993
43,19000,1.0012748350272338,2.4266371999999876,2.4784417999999846
44,19000,1.0013980142745247,2.439460099999991,2.488002899999998
45,19000,1.001399041502026,2.428119900000013,2.4841876000000127
46,19000,1.0012366200987517,2.5729407000000037,2.629756399999991
47,19000,1.001469553772914,2.5003301000000135,2.549722700000018
48,19000,1.001311709814319,2.5205849999999828,2.569694400000003
49,19000,1.001780036344318,2.4850653000000023,2.535052300000018
50,19000,1.001529750756703,2.415294700000004,2.471305600000022
51,19000,1.0015722944368224,2.4636720000000025,2.5204983999999797
1,20000,1.0015047112216444,2.4084272999999996,2.461905999999999
2,20000,1.0015151070942232,2.391628400000002,2.448910000000012
3,20000,1.0011196352927805,2.361428800000027,2.4125383000000227
4,20000,1.0018447243889814,2.3953764000000035,2.446824200000009
5,20000,1.0014193180681255,2.463002799999998,2.5163028000000054
6,20000,1.0013853727223578,2.367214099999984,2.4287258999999892
7,20000,1.0013255584275602,2.405222899999984,2.4578520000000026
8,20000,1.0016002837637241,2.499869100000012,2.5544571000000076
9,20000,1.0012188205495545,2.3946451000000195,2.45361410000001
10,20000,1.0011967001747248,2.3525922000000037,2.4189487000000156
11,20000,1.0015463613362505,2.387902799999978,2.440353200000004
12,20000,1.0013392784964954,2.335432799999978,2.387046799999979
13,20000,1.0014299043181825,2.410221100000001,2.4702159999999935
14,20000,1.0015295454924171,2.3412600000000054,2.4000589000000048
15,20000,1.0014954711996473,2.3506402999999807,2.404543700000005
16,20000,1.0013982837840212,2.4320645999999897,2.4863293999999883
17,20000,1.0013653256437216,2.4096423000000016,2.4606438999999796
18,20000,1.001480628398897,2.406779499999999,2.4594743000000108
19,20000,1.0009373855541088,2.4525112000000036,2.504721999999987
20,20000,1.0015645615943625,2.353810399999986,2.4100612999999953
21,20000,1.001501584717933,2.4315271999999766,2.48319699999999
22,20000,1.001708543186477,2.3564191000000108,2.4079108999999903
23,20000,1.0014562869963204,2.3809109999999976,2.4290560000000028
24,20000,1.0016219595129332,2.4018575000000055,2.456502499999999
25,20000,1.0012299991309106,2.5020196000000112,2.55951730000001
26,20000,1.0014744114651857,2.412360100000001,2.4720754000000227
27,20000,1.0010912795044455,2.341475900000006,2.3947140999999874
28,20000,1.0010514156464168,2.4130872000000068,2.474300999999997
29,20000,1.001333599718729,2.7228184999999883,2.788572700000003
30,20000,1.0012705975893788,2.5341826000000083,2.5933727999999974
31,20000,1.0011775846091617,2.5391825000000097,2.595087800000016
32,20000,1.0012218500847643,2.6654846000000134,2.7215904999999907
33,20000,1.001177676523608,2.51154870000002,2.563725099999999
34,20000,1.001397851835086,2.4718440999999984,2.523918199999997
35,20000,1.0016087134010836,2.3945281000000023,2.447688400000004
36,20000,1.0013740353075575,2.3507496000000003,2.4026407000000063
37,20000,1.0012956763236256,2.3351945,2.3914431000000036
38,20000,1.001570632877743,2.377556800000008,2.4265827000000115
39,20000,1.0009047349377462,2.324976499999991,2.3755511999999896
40,20000,1.00127265392209,2.323933799999992,2.3773041999999975
41,20000,1.0015182554811681,2.343798800000002,2.396185900000006
42,20000,1.0008924873549665,2.4674629000000152,2.527163300000012
43,20000,1.00147459103018,2.3740949999999827,2.426977899999997
44,20000,1.0016794075343851,2.4001395999999886,2.457041299999986
45,20000,1.0012477792430297,2.4697432000000106,2.5260517000000107
46,20000,1.001087165145643,2.4345092999999736,2.4863838999999928
47,20000,1.0013892821985662,2.461558999999994,2.5194075
48,20000,1.00135308071154,2.3663024000000235,2.4198119000000133
49,20000,1.0010007707426185,2.3128011000000015,2.3631745000000137
50,20000,1.001359983151411,2.2883655999999917,2.3407622999999944
51,20000,1.001160776306982,2.36949180000002,2.425703300000009
1,21000,1.0015325998991071,2.3740422000000194,2.4316491000000156
2,21000,1.0011386450697708,2.4562015999999858,2.508053899999993
3,21000,1.0019172840663126,2.433403400000003,2.494605000000007
4,21000,1.0011260591274203,2.4740955999999983,2.5290238000000045
5,21000,1.001081185227336,2.383680599999991,2.4387471000000005
6,21000,1.0009567973573863,2.4525858000000085,2.512247099999996
7,21000,1.0007139637143478,2.3921689999999955,2.4494504999999833
8,21000,1.0012758962545232,2.4119577000000163,2.4637869000000023
9,21000,1.001408361754944,2.4525620000000004,2.508024199999994
10,21000,1.0018203558631045,2.4131848000000105,2.4769376000000136
11,21000,1.001395749230769,2.5092573999999956,2.580049300000013
12,21000,1.001442838306939,2.5957923999999934,2.660872299999994
13,21000,1.0010870780448338,2.584280100000001,2.641084500000005
14,21000,1.0011930029022524,2.6626396000000057,2.716959000000003
15,21000,1.0011287569294371,2.5705000999999754,2.627678099999997
16,21000,1.0013032398034405,2.3422418000000107,2.3943357999999932
17,21000,1.0011838481822568,2.4192252999999937,2.475107600000001
18,21000,1.0015206598584736,2.445567899999986,2.501041399999991
19,21000,1.0011402356239623,2.405322099999978,2.459338500000001
20,21000,1.0012160763852123,2.3794891000000007,2.4354959000000065
21,21000,1.0012667935067026,2.3888584999999978,2.440867699999984
22,21000,1.0013440151518018,2.417484999999999,2.475480900000008
23,21000,1.0011190705455844,2.376381500000008,2.4308095000000094
24,21000,1.0013426069379319,2.4286121000000094,2.481310900000011
25,21000,1.0012009391823042,2.4557070999999837,2.512913800000007
26,21000,1.0010164067679528,2.3212379,2.375902300000007
27,21000,1.001249593258637,2.4974648000000172,2.5502969000000064
28,21000,1.0014037602430634,2.315634200000005,2.3723186
29,21000,1.001149876270689,2.4031391999999983,2.4673937000000024
30,21000,1.0016120297601123,2.406810000000007,2.4599671
31,21000,1.0012299500556376,2.421930599999996,2.4768625999999756
32,21000,1.0013956750250415,2.41100160000002,2.4667424000000153
33,21000,1.0010991962925415,2.3864909000000125,2.4427142000000117
34,21000,1.0013928657614577,2.4056123999999954,2.46172949999999
35,21000,1.0009568926031591,2.360048400000011,2.417800999999997
36,21000,1.0012092220111284,2.437755100000004,2.4898166000000117
37,21000,1.0011567705327293,2.3852612999999963,2.4380385999999987
38,21000,1.0009594373876154,2.3653447000000085,2.4212229999999977
39,21000,1.0013996037460142,2.3614135999999917,2.421073899999982
40,21000,1.0008322282962225,2.462539200000009,2.518572599999999
41,21000,1.001169842976356,2.4916831000000172,2.5439938000000097
42,21000,1.001316817327684,2.4315472000000113,2.488168700000017
43,21000,1.0005465918342324,2.5094447000000173,2.56662750000001
44,21000,1.0010064400324241,2.3457907999999748,2.4011500999999953
45,21000,1.0008574807130894,2.394234099999977,2.4476425999999947
46,21000,1.0011022372824039,2.4042709999999943,2.460702700000013
47,21000,1.0010169019427408,2.3784960000000126,2.4319898999999907
48,21000,1.001344054577106,2.38905410000001,2.4460938
49,21000,1.001137476427199,2.4399358000000007,2.4934451999999965
50,21000,1.0014687616276596,2.3727844000000005,2.427905100000004
51,21000,1.001332308878194,2.4338393999999823,2.4882723000000055
1,22000,1.000821048040619,2.4964426999999887,2.5520120999999847
2,22000,1.001262747358537,2.4337902999999983,2.493225599999988
3,22000,1.0013365528359184,2.468918400000007,2.528489900000011
4,22000,1.0011958173824966,2.527967999999987,2.586932499999989
5,22000,1.0010397368460784,2.4163044999999954,2.4734406000000035
6,22000,1.0010952043554329,2.518147599999992,2.573730899999987
7,22000,1.0010729417502873,2.440468199999998,2.503360299999997
8,22000,1.0006541119412344,2.4452455999999927,2.508539400000018
9,22000,1.0010379179408213,2.432557800000012,2.491201899999993
10,22000,1.0011636377609698,2.445667499999985,2.5017112999999824
11,22000,1.001005476799436,2.450932800000004,2.5094020999999884
12,22000,1.001031160011396,2.412306099999995,2.468487699999997
13,22000,1.0012555735355708,2.3934754,2.4566162000000134
14,22000,1.0010807101018098,2.3858046,2.442861100000016
15,22000,1.0008092958320272,2.4269965999999954,2.4820648999999833
16,22000,1.0012124168979404,2.44769629999999,2.5068400999999767
17,22000,1.0009386174176795,2.3942572999999925,2.4557154000000025
18,22000,1.0011121958421152,2.493444000000011,2.5499539999999854
19,22000,1.000998546466057,2.371110000000016,2.429802499999994
20,22000,1.0010297918910365,2.383329300000014,2.4430863999999985
21,22000,1.0011156140472597,2.405636199999975,2.4720213999999885
22,22000,1.001148425164498,2.4695005000000094,2.5382376999999963
23,22000,1.0008894637660863,2.4247120999999936,2.487046200000009
24,22000,1.0010738641019328,2.5340636000000245,2.5896836000000008
25,22000,1.0012900161649443,2.5130290000000173,2.57077000000001
26,22000,1.0010238407020307,2.459097600000007,2.513289400000019
27,22000,1.0009543578987745,2.466097899999994,2.5229021000000103
28,22000,1.0016694831677735,2.4763025000000027,2.5397502000000145
29,22000,1.0012762803073685,2.3894047,2.4520760000000053
30,22000,1.0010406104186909,2.485746699999993,2.5412503999999956
31,22000,1.001126221236756,2.3419587000000206,2.413911299999995
32,22000,1.0011204933706845,2.435888900000009,2.4909872000000064
33,22000,1.0011477277468341,2.414917700000018,2.46991460000001
34,22000,1.0010963900272687,2.438817400000005,2.497425800000002
35,22000,1.00092055039162,2.4168874000000073,2.4728291000000127
36,22000,1.0011061950312492,2.382878099999999,2.4384524999999826
37,22000,1.00114820084761,2.362269700000013,2.4209668999999963
38,22000,1.0008278182611847,2.462978700000008,2.5209480999999982
39,22000,1.0011189898405408,2.5035279999999887,2.56030640000003
40,22000,1.0009594062735125,2.3619113999999968,2.4196776999999656
41,22000,1.0012479230847333,2.3555683999999815,2.413090199999999
42,22000,1.0015767815022565,2.3763013999999885,2.4334149000000025
43,22000,1.0011565350565699,2.4091717000000017,2.4762582999999836
44,22000,1.001262070126804,2.402368699999954,2.458470699999964
45,22000,1.0007803974858704,2.4089382999999884,2.4654052000000206
46,22000,1.0010601848946659,2.490989000000013,2.547773800000016
47,22000,1.0010751689615143,2.4122725999999943,2.4678629
48,22000,1.000835057624082,2.445090300000004,2.519036299999982
49,22000,1.0008330979770468,2.399712099999988,2.4652871999999775
50,22000,1.0011703556785017,2.430881999999997,2.490386000000001
51,22000,1.0009846437552563,2.390331900000035,2.451276500000006
1,23000,1.001083281888912,2.417692499999987,2.4832096000000092
2,23000,1.0007300535673165,2.349900899999966,2.414542199999971
3,23000,1.000827777527424,2.391797399999973,2.452796599999999
4,23000,1.0012050163003694,2.4168748000000164,2.4809786000000145
5,23000,1.0012108680428535,2.3539668000000233,2.4143298999999843
6,23000,1.0011018362815118,2.5258494999999925,2.589384499999994
7,23000,1.0010132136694505,2.4052285999999867,2.4668009000000097
8,23000,1.001165849561338,2.4347432999999796,2.493479699999966
9,23000,1.0007568447017126,2.4070962000000122,2.4635824999999727
10,23000,1.0010827167275462,2.4374484999999595,2.504543099999978
11,23000,1.0010359145562033,2.433535899999981,2.498458900000003
12,23000,1.0009766540924816,2.4442285000000084,2.508705799999973
13,23000,1.0010065718275518,2.3698390999999788,2.43195129999998
14,23000,1.0008570706984516,2.373779300000024,2.432403899999997
15,23000,1.0008382326794187,2.3597449999999753,2.4159896999999546
16,23000,1.001018161831725,2.3944799000000216,2.4574947000000407
17,23000,1.0010919378700283,2.3853857999999946,2.4558688999999845
18,23000,1.0007652563904659,2.4546341999999868,2.52341389999998
19,23000,1.0013808993441684,2.4547942000000376,2.515962400000035
20,23000,1.0008859587160421,2.415951000000007,2.4821033000000057
21,23000,1.0008326145246367,2.330544399999951,2.393519900000001
22,23000,1.0009862799765152,2.295328299999994,2.3541321000000153
23,23000,1.000863488290967,2.337136799999996,2.3929049999999847
24,23000,1.0010763368692326,2.3353731999999923,2.397306399999991
25,23000,1.0009504243391056,2.318505499999958,2.3838724999999954
26,23000,1.000976741877209,2.4315761000000293,2.4929787000000374
27,23000,1.0010638941541743,2.3879114000000072,2.4469261000000415
28,23000,1.0010240488210511,2.4283317999999667,2.4913717999999676
29,23000,1.0010819638103639,2.341682100000014,2.4079830000000015
30,23000,1.0007853468357106,2.4133037999999942,2.473956699999974
31,23000,1.001137354776929,2.3322476000000165,2.3906006000000275
32,23000,1.001047825504524,2.4239539999999806,2.4924138000000085
33,23000,1.0008679859143417,2.355434800000012,2.4186642000000234
34,23000,1.0011648718554553,2.4650373999999715,2.535375399999964
35,23000,1.0009998448402382,2.484377199999983,2.5453579999999647
36,23000,1.0007966437280842,2.4303612999999586,2.5005433999999696
37,23000,1.0011622658809884,2.4184933999999885,2.48421129999997
38,23000,1.0009631672812347,2.5230889000000047,2.5810814000000164
39,23000,1.0010522851416228,2.396021200000007,2.4562036000000376
40,23000,1.001165935527147,2.4371815000000083,2.5049712
41,23000,1.0007547814038682,2.4034619999999904,2.46839719999997
42,23000,1.0010769059761162,2.417181200000016,2.4793048000000226
43,23000,1.001177856236109,2.3844100000000026,2.446835599999986
44,23000,1.000841229299996,2.4584003999999595,2.5245512999999846
45,23000,1.0012358860454085,2.449831599999982,2.5174360999999976
46,23000,1.001074723829562,2.465676299999984,2.5244522999999504
47,23000,1.001365358223875,2.5311704000000077,2.588403000000028
48,23000,1.0011545846252072,2.48380880000002,2.5465773999999897
49,23000,1.0010281431258614,2.525956899999983,2.589759700000002
50,23000,1.000876685906393,2.4780574000000115,2.539619200000004
51,23000,1.0015524351957394,2.4085010999999668,2.469340299999999
1,24000,1.0011227218427554,2.3616903000000207,2.4271448000000078
2,24000,1.0015155327374543,2.4004142,2.462309800000014
3,24000,1.0010871621440478,2.423983899999996,2.4823039000000335
4,24000,1.0010945176584172,2.4181285999999886,2.480782999999974
5,24000,1.0008238885060499,2.4119102000000225,2.486137900000017
6,24000,1.0008145398487716,2.3390893999999776,2.4124261000000047
7,24000,1.001111921043089,2.489343599999984,2.550033199999973
8,24000,1.000942726369608,2.3422802999999703,2.4097070999999914
9,24000,1.000733659572882,2.377850199999955,2.4485475999999835
10,24000,1.0012835612376632,2.3629834000000187,2.4318645000000174
11,24000,1.0007359025613833,2.4297943999999916,2.494139799999971
12,24000,1.0008114619537336,2.361925099999951,2.4240802999999573
13,24000,1.0008431488772627,2.3394822000000204,2.3997870000000034
14,24000,1.0008664799078284,2.420813399999986,2.489225499999975
15,24000,1.0008226059497287,2.415284100000008,2.4772811000000274
16,24000,1.0010801408040753,2.3988624000000414,2.462944200000038
17,24000,1.0008066285341184,2.3852598000000285,2.446577100000013
18,24000,1.0008952531862287,2.452216299999975,2.5155118999999786
19,24000,1.0008704616869553,2.4958199999999806,2.5724331999999777
20,24000,1.0009147109840468,2.4753504999999905,2.5442588999999884
21,24000,1.0012266456075385,2.58658760000003,2.6587739000000283
22,24000,1.000720125299673,2.6362206000000015,2.700535699999989
23,24000,1.0008743080008453,2.6313140999999973,2.695355100000029
24,24000,1.0007158400289877,2.499366899999984,2.5647242000000006
25,24000,1.0011102970269816,2.453402400000016,2.5119722000000024
26,24000,1.0010556738351433,2.3482439,2.413238700000022
27,24000,1.000988948250193,2.514661500000045,2.57741070000003
28,24000,1.0007009887732847,2.4919889999999896,2.560546899999963
29,24000,1.000964698502886,2.4003675000000158,2.468376400000011
30,24000,1.000797627850064,2.3592909999999847,2.429514900000015
31,24000,1.0007134978029477,2.388691700000038,2.448099100000036
32,24000,1.0008610487465865,2.415616199999988,2.4871418999999833
33,24000,1.0011415768774616,2.4206695999999965,2.4933181000000104
34,24000,1.0011888394317507,2.3723377000000028,2.443772499999966
35,24000,1.000897168426087,2.3723810000000185,2.4326029000000062
36,24000,1.0007162111939532,2.4977161999999566,2.5813607999999704
37,24000,1.0010131269638973,2.7890864999999962,2.894211900000016
38,24000,1.000908009929134,2.730884500000002,2.8228116000000227
39,24000,1.001091153698769,2.8304061000000047,2.892070400000023
40,24000,1.0007471667441352,2.7667012,2.8335237999999663
41,24000,1.0009538601091128,2.4276219999999853,2.4948267999999985
42,24000,1.0008905573420335,2.4563789000000043,2.5155382000000372
43,24000,1.0010073200438174,2.3602774000000295,2.424380400000018
44,24000,1.000870508973032,2.3508552000000122,2.413704399999972
45,24000,1.0010110646689974,2.442751200000032,2.5158771000000115
46,24000,1.0010386148598718,2.4430012999999917,2.5062249000000065
47,24000,1.0011816312116464,2.4295064999999454,2.501015099999961
48,24000,1.0007536631898308,2.43627680000003,2.497292200000004
49,24000,1.0006733086930892,2.441978000000006,2.5135755000000017
50,24000,1.0008465031487817,2.3737024000000133,2.44899479999998
51,24000,1.0010642753459706,2.4617327000000273,2.522208400000011
1,25000,1.0007797856894665,2.3758176999999705,2.4425674999999956
2,25000,1.0009765668189723,2.454131700000005,2.5285337000000254
3,25000,1.0007098349105088,2.3961772999999766,2.4740249999999833
4,25000,1.000812092307053,2.489633099999992,2.5529817999999977
5,25000,1.0009787642509251,2.3589620000000195,2.431126400000039
6,25000,1.0007246747547935,2.5001929999999675,2.5734577999999715
7,25000,1.0009218252690464,2.4714579000000185,2.548213500000031
8,25000,1.0007949494924722,2.4218002999999726,2.4875123999999573
9,25000,1.0007478356303403,2.4207637999999747,2.492924700000003
10,25000,1.0007568292812425,2.347745199999963,2.41360949999995
11,25000,1.0006701832663796,2.399943300000018,2.4608582000000183
12,25000,1.0007458243428777,2.437771600000019,2.503354399999978
13,25000,1.0009938784636798,2.3504245999999966,2.4192698999999607
14,25000,1.0007281733555997,2.3428933000000143,2.403588100000036
15,25000,1.0006277615386747,2.3968002000000297,2.465307199999984
16,25000,1.0010891008778475,2.415067599999986,2.479776700000002
17,25000,1.0008124800512777,2.4393890000000056,2.5047492999999577
18,25000,1.0009592063975048,2.431482600000038,2.496205400000008
19,25000,1.0010837665978491,2.4039318000000094,2.4667392000000063
20,25000,1.0006264701623802,2.394763600000033,2.460973200000012
21,25000,1.0007080829712833,2.389534700000013,2.456794699999989
22,25000,1.000623413794455,2.373626599999966,2.439095399999985
23,25000,1.0011400946256712,2.359542299999987,2.4278726000000006
24,25000,1.0007273742492209,2.4097845000000007,2.4781438999999637
25,25000,1.0006614223099726,2.3724868999999558,2.4556422999999654
26,25000,1.0008251242700084,2.37800679999998,2.4444252999999776
27,25000,1.000557571530615,2.377327600000001,2.4489240999999993
28,25000,1.000996294280618,2.39000649999997,2.4571174000000156
29,25000,1.0007803134510056,2.4566785000000095,2.521899200000007
30,25000,1.0009646811170059,2.4697897000000353,2.5402273000000264
31,25000,1.00115349453005,2.416663299999982,2.4844261000000074
32,25000,1.000726354541158,2.471536100000037,2.531949300000008
33,25000,1.0011355932428514,2.4126499000000194,2.4788374999999974
34,25000,1.0006942281020716,2.409583400000031,2.4756111000000374
35,25000,1.0007522485319538,2.4413057999999523,2.507425499999954
36,25000,1.0007030917603918,2.3334699000000114,2.398193900000024
37,25000,1.0006050047896256,2.3758532000000514,2.439755400000024
38,25000,1.0011610845792853,2.3303744000000393,2.395128800000009
39,25000,1.0007731548756604,2.4050103999999806,2.477961999999991
40,25000,1.001074618664378,2.362338099999988,2.4261293999999793
41,25000,1.0007222441369676,2.4264201999999955,2.4999707000000058
42,25000,1.0008139303656485,2.3955352000000403,2.4603016000000366
43,25000,1.0006558861966122,2.3920664999999985,2.45730020000002
44,25000,1.000492322434915,2.387767800000006,2.4520663999999783
45,25000,1.0009951762483014,2.419415200000003,2.481296499999985
46,25000,1.0008955579496712,2.418235299999992,2.4905287999999928
47,25000,1.0008603222434354,2.30241749999999,2.374838899999986
48,25000,1.0009650112064006,2.4798160999999936,2.5401304000000096
49,25000,1.0007956328099996,2.419692400000031,2.481688399999996
50,25000,1.0008479330516438,2.504186299999958,2.5819585999999504
51,25000,1.000898086327612,2.498964600000022,2.579436900000019
1,26000,1.0008476436076084,2.4565910999999687,2.5260472999999593
2,26000,1.000640869152216,2.4272920000000227,2.5013791000000083
3,26000,1.000785127043179,2.426226100000008,2.4978687000000264
4,26000,1.0007849578350612,2.3192098999999757,2.398637899999983
5,26000,1.0007098962812349,2.4120947000000115,2.4775668999999994
6,26000,1.0010700243711197,2.434776100000022,2.502543600000024
7,26000,1.0005600381908197,2.5554343000000017,2.6185531000000424
8,26000,1.000930455902269,2.6378188999999566,2.70709439999996
9,26000,1.000645200246015,2.7866677000000095,2.854270499999984
10,26000,1.000731594945584,2.64471020000002,2.719369800000038
11,26000,1.0009978530904766,2.4987717000000202,2.5691199000000324
12,26000,1.0008867591879345,2.5473531000000094,2.6171118999999976
13,26000,1.0005331519560572,2.371730800000023,2.4410482000000115
14,26000,1.0006665773830308,2.337744299999997,2.4129353999999807
15,26000,1.0011659246724989,2.389700399999981,2.459024799999952
16,26000,1.0006664614417513,2.366199999999992,2.4357481999999777
17,26000,1.0006902978925354,2.438863900000001,2.5176073000000088
18,26000,1.0005719018585921,2.387053299999991,2.4737159999999676
19,26000,1.0007907978795436,2.719789600000013,2.792210100000034
20,26000,1.0007440437067296,2.722052299999973,2.801545199999964
21,26000,1.0009459837771435,2.8388504000000125,2.913946199999998
22,26000,1.0009897472525189,2.8351295999999593,2.906849099999988
23,26000,1.0008719775377088,2.5430408000000284,2.612248300000033
24,26000,1.000681011126038,2.503892399999984,2.5751725999999735
25,26000,1.0010365958435474,2.4590643999999884,2.532420399999978
26,26000,1.0006695354264603,2.563183400000014,2.6371275000000196
27,26000,1.000674589845739,2.5106503999999745,2.5922210999999606
28,26000,1.0006048880306466,2.5511707,2.6292460000000233
29,26000,1.000983524033067,2.651150799999982,2.721211100000005
30,26000,1.0005347145161756,2.5486290000000054,2.6156283999999914
31,26000,1.0007552577844059,2.454128100000048,2.5250142000000437
32,26000,1.0008296867216007,2.48308320000001,2.5557907000000455
33,26000,1.0006323175026721,2.5191127999999594,2.589163199999973
34,26000,1.0007857543523309,2.376743900000008,2.447631899999976
35,26000,1.0005228913261859,2.4638341000000423,2.530654200000015
36,26000,1.0009842401940523,2.4283995999999775,2.5075377000000003
37,26000,1.0006875763998455,2.4142618000000198,2.4872480000000223
38,26000,1.000891488260979,2.373561099999961,2.4461451999999895
39,26000,1.0006792808565055,2.3804494999999974,2.4481365000000324
40,26000,1.000751005253322,2.4345777999999996,2.5036231999999927
41,26000,1.000788787871489,2.45599900000002,2.5345176999999808
42,26000,1.0007131693798823,2.4553695000000175,2.528242300000045
43,26000,1.000914782395989,2.456483100000014,2.528758400000015
44,26000,1.000873570294637,2.415643100000011,2.485504800000001
45,26000,1.0008669786620843,2.426854999999989,2.504176799999982
46,26000,1.0008234077848883,2.4132716999999957,2.4885501999999633
47,26000,1.0008016608799548,2.4201475000000414,2.4843357999999967
48,26000,1.0007484493500765,2.395894599999963,2.4677593000000115
49,26000,1.0011115852938661,2.413853700000004,2.479793299999983
50,26000,1.0008048409514958,2.534770700000024,2.6020606000000157
51,26000,1.0006173758441965,2.531144100000006,2.6013373000000115
1,27000,1.000686207257702,2.4261996999999837,2.4934696999999915
2,27000,1.0003768563263191,2.398968200000013,2.470352300000002
3,27000,1.0006555487928648,2.556911799999966,2.623556399999984
4,27000,1.0006690008151407,2.4090342999999734,2.483125799999982
5,27000,1.0009213601514253,2.393464800000004,2.4646536000000197
6,27000,1.0008754745225343,2.371825099999967,2.4429494999999974
7,27000,1.000567602924138,2.4023286000000326,2.471596599999998
8,27000,1.0009063428448117,2.4394912000000204,2.506925899999999
9,27000,1.000719621530744,2.4879549999999995,2.557034999999985
10,27000,1.000587778942797,2.4661796000000322,2.53561430000002
11,27000,1.0005244577398447,2.5037543000000255,2.5709865000000036
12,27000,1.0006642816135516,2.414025900000013,2.4851386000000275
13,27000,1.0006313805670994,2.4117621999999983,2.48214710000002
14,27000,1.0008156610605519,2.431747200000018,2.4995787999999948
15,27000,1.00077145378814,2.501193199999989,2.5701700999999844
16,27000,1.0006215252362993,2.3850709000000165,2.4550562000000014
17,27000,1.000571639791258,2.3459313999999836,2.4165768999999955
18,27000,1.0008525487702322,2.4036263999999505,2.4804560000000038
19,27000,1.0007484033782252,2.3826080000000047,2.4539083000000232
20,27000,1.0004723649373202,2.4855082999999922,2.5553237999999965
21,27000,1.00069901530022,2.4847757,2.556490800000006
22,27000,1.0007695475675729,2.415507899999966,2.4892056999999568
23,27000,1.0006903705647852,2.5691465999999537,2.6375416999999857
24,27000,1.0008518755114504,2.416735700000004,2.4906735999999796
25,27000,1.0006320197251617,2.389563599999974,2.4637528999999745
26,27000,1.000664060954157,2.472659300000032,2.5398619000000053
27,27000,1.0005831305485606,2.4361943999999767,2.5054523000000017
28,27000,1.000674263717256,2.2936136000000147,2.370951400000024
29,27000,1.0007830921673497,2.375844900000004,2.447484799999984
30,27000,1.0009356047391869,2.3863133000000403,2.456702900000039
31,27000,1.0007967236846778,2.5500117000000273,2.622803900000008
32,27000,1.0006923894060065,2.4084543999999823,2.481605000000002
33,27000,1.0008793783191694,2.4540067000000363,2.5251321000000075
34,27000,1.000883011121672,2.4717100999999957,2.5410910000000513
35,27000,1.0008255748014163,2.3918535999999904,2.4675214000000096
36,27000,1.0007824773379013,2.351828000000012,2.427049000000011
37,27000,1.0005235009736353,2.459889099999998,2.528712799999994
38,27000,1.000534907691673,2.3958005999999727,2.4642590999999925
39,27000,1.000738372768794,2.4680091000000175,2.5364773000000014
40,27000,1.0006722018937586,2.3751593999999727,2.4488306999999736
41,27000,1.000633618388792,2.3332202999999936,2.403982600000006
42,27000,1.0009049108895456,2.3315292999999997,2.397918900000036
43,27000,1.000711249510288,2.407233799999972,2.4794319000000087
44,27000,1.0007575512726397,2.3531214000000205,2.429092600000047
45,27000,1.0007553477595716,2.4394909999999754,2.5095655999999735
46,27000,1.0010386113811935,2.3654147999999964,2.432857599999977
47,27000,1.0007770214054224,2.4143155000000434,2.4834887000000094
48,27000,1.0007043400541218,2.444251099999974,2.5141082999999753
49,27000,1.0006776112617697,2.4068962999999712,2.478506399999958
50,27000,1.0008052862073014,2.3948449000000096,2.4661826000000246
51,27000,1.0007163092135367,2.3923843000000033,2.458830800000044
1,28000,1.0007316003040019,2.3939335999999685,2.4740800999999806
2,28000,1.000501978498417,2.4188328000000183,2.4926661999999737
3,28000,1.0007350961779395,2.4111854999999878,2.4818971999999917
4,28000,1.000372065672706,2.4371967000000154,2.512650400000041
5,28000,1.0005791105299553,2.412558900000022,2.490121600000009
6,28000,1.0006888458215966,2.389894400000003,2.461983900000007
7,28000,1.0007301901124583,2.5106764000000226,2.5865948000000003
8,28000,1.0006235131239802,2.431826000000001,2.501300100000037
9,28000,1.0007798364861455,2.4776274999999828,2.5530046000000084
10,28000,1.000674356694775,2.4710421999999994,2.5440657999999985
11,28000,1.0009605264718577,2.39004349999999,2.46686219999998
12,28000,1.0006233876386024,2.454285900000002,2.5343604000000255
13,28000,1.0006517927888754,2.421576400000049,2.4976030000000264
14,28000,1.0006077421634871,2.5070256999999856,2.594783199999995
15,28000,1.0006115496407348,2.78066960000001,2.858079499999974
16,28000,1.0007247930821248,2.6530309999999986,2.725784400000009
17,28000,1.0005908435585669,2.6422436999999945,2.716611900000032
18,28000,1.0006053241039923,2.5458184999999958,2.6131776999999943
19,28000,1.0010403444401295,2.3739378000000215,2.4446151000000214
20,28000,1.00092268017269,2.3642593000000147,2.445509500000014
21,28000,1.0005219152542075,2.306046199999969,2.380775999999969
22,28000,1.0005507542023269,2.432067399999994,2.5041559000000007
23,28000,1.0004921470218036,2.3440775999999914,2.421067999999991
24,28000,1.0007004953858183,2.498139100000003,2.5662255999999957
25,28000,1.0003545968221572,2.508524100000045,2.6036234000000036
26,28000,1.0005770579739903,2.5549973999999906,2.631815500000016
27,28000,1.0004723048090773,2.4785617,2.5677148999999986
28,28000,1.000812571200323,2.513268299999993,2.5919934000000353
29,28000,1.000682455013155,2.476799700000015,2.5537477999999965
30,28000,1.0005624074970705,2.4931619000000182,2.5629602000000204
31,28000,1.000621423453404,2.482234900000037,2.5563322000000426
32,28000,1.0006385917076073,2.49498159999996,2.5723666000000094
33,28000,1.0006193591222314,2.4344400999999607,2.506014100000016
34,28000,1.0009100385213945,2.4477674999999977,2.5217711000000236
35,28000,1.000872142146365,2.4753184000000488,2.566865200000052
36,28000,1.0004926171014887,2.684949099999983,2.7712094999999977
37,28000,1.000575283793021,2.7717026999999916,2.8489668999999935
38,28000,1.0006936223674139,2.753221900000028,2.830132600000013
39,28000,1.0006328956975548,2.5923118000000045,2.6631854999999973
40,28000,1.0007334219599817,2.5192086999999788,2.597254200000009
41,28000,1.0005681861242754,2.4473780000000147,2.5247826000000373
42,28000,1.000794258318372,2.4548520000000167,2.529878800000006
43,28000,1.000638846914159,2.418604500000015,2.491378700000041
44,28000,1.000566450972392,2.444530699999973,2.5305386
45,28000,1.0007729760995476,2.3486762,2.432499500000006
46,28000,1.0005821556477519,2.333043700000019,2.405524899999989
47,28000,1.0003456180066916,2.3604166000000077,2.4331947000000014
48,28000,1.0006654263262205,2.3493520000000103,2.431221100000016
49,28000,1.0006497874079838,2.3638026000000423,2.4401220999999964
50,28000,1.0006862516029038,2.385720400000025,2.46812970000002
51,28000,1.0005980181849166,2.5036941000000184,2.5712939000000006
1,29000,1.0004792737692112,2.5426367999999684,2.623269999999991
2,29000,1.000566068082702,2.563703499999974,2.6529107999999724
3,29000,1.0006285473857681,2.384652899999992,2.4605965000000083
4,29000,1.0005074905919302,2.4132738999999788,2.4886606999999685
5,29000,1.000996176176991,2.4815497000000164,2.568383400000016
6,29000,1.000458425815049,2.4702069000000506,2.559295400000053
7,29000,1.0005849909964049,2.479163900000003,2.552676099999985
8,29000,1.0006782220305634,2.386830800000041,2.468776900000023
9,29000,1.0005771593768722,2.3645598999999606,2.4439227999999957
10,29000,1.000639397343938,2.4384649000000422,2.5166532000000075
11,29000,1.0006684514723387,2.415614299999959,2.4969800000000077
12,29000,1.0007187551963341,2.356677399999967,2.4313862999999856
13,29000,1.0006198874256647,2.531328799999983,2.606000300000005
14,29000,1.0005570194545885,2.3882770000000164,2.4627821000000267
15,29000,1.0006108516979417,2.3962364000000207,2.4771553000000495
16,29000,1.0005090031962476,2.44312020000001,2.5204173999999853
17,29000,1.000677813554193,2.453971299999978,2.5344801999999618
18,29000,1.0005403735129637,2.444191699999976,2.530318099999988
19,29000,1.0005425402791857,2.3227215999999657,2.407711099999972
20,29000,1.0004892578142526,2.340919500000041,2.418170000000032
21,29000,1.000394648954873,2.386755199999982,2.464172899999994
22,29000,1.000421225967706,2.4007387000000335,2.4866899000000444
23,29000,1.0007608679842181,2.42032839999996,2.507505399999957
24,29000,1.00054561756487,2.449678399999982,2.524602399999992
25,29000,1.0005873658802091,2.372313799999972,2.4505424000000176
26,29000,1.0005241208770705,2.3745109000000184,2.448670600000014
27,29000,1.0007941085431697,2.5034828999999945,2.5851202000000058
28,29000,1.0006701657101476,2.4186209000000076,2.49608539999997
29,29000,1.0008219662893472,2.4121906999999965,2.4841768
30,29000,1.0006220427793668,2.461975999999993,2.538981100000001
31,29000,1.0008960419711372,2.4452316999999653,2.517249599999957
32,29000,1.000611176194329,2.3776321999999936,2.4545094000000063
33,29000,1.0005028981328736,2.400628500000039,2.473266800000033
34,29000,1.000537651326951,2.334498100000019,2.4058039000000235
35,29000,1.000845786966186,2.5460672000000386,2.6235757000000035
36,29000,1.0006558569839719,2.42541030000001,2.4971899000000235
37,29000,1.0004352848692537,2.440704100000005,2.516770699999995
38,29000,1.0007888107438816,2.3700448000000165,2.4509469000000195
39,29000,1.0006524550149316,2.4214911000000257,2.4968269000000305
40,29000,1.0006106759094817,2.3797152999999867,2.4560410000000275
41,29000,1.0005868887689404,2.3887745999999765,2.4612491999999975
42,29000,1.0006490426163472,2.403139899999985,2.4801540000000273
43,29000,1.0004625770456939,2.4346492999999896,2.50506919999998
44,29000,1.0005425364390796,2.378166099999987,2.456789399999991
45,29000,1.0008776787259808,2.4401176999999734,2.522275900000011
46,29000,1.000450121072083,2.3573727000000417,2.4410393
47,29000,1.0006124330521973,2.417824199999984,2.4903324
48,29000,1.0005814244375006,2.362326399999972,2.437178700000004
49,29000,1.0007108959861908,2.493370099999993,2.5772213000000193
50,29000,1.0004623746658896,2.440323400000011,2.5229969999999753
51,29000,1.0005405759172288,2.4815583000000174,2.552367200000049
1,30000,1.0004801080155699,2.4558600999999953,2.5295131999999967
2,30000,1.0006326789680469,2.65170889999996,2.7450417999999672
3,30000,1.0006462466623172,2.669929199999956,2.7536177999999722
4,30000,1.0006911930265872,2.6727447000000097,2.7498884000000317
5,30000,1.0004262775551045,2.667525600000033,2.7476701000000503
6,30000,1.0003972522881075,2.4627660999999534,2.546965499999999
7,30000,1.0005955174506045,2.518955500000004,2.604617599999983
8,30000,1.0004472008810852,2.528869900000018,2.605030900000031
9,30000,1.0005537035257845,2.48628309999998,2.5615010999999868
10,30000,1.000587309085913,2.4203132999999752,2.5048122000000035
11,30000,1.000569725545665,2.419923900000015,2.4993400999999835
12,30000,1.0004288704853181,2.449086199999954,2.5268014999999764
13,30000,1.0006276036861044,2.3846163999999703,2.4656734000000142
14,30000,1.0005927912459127,2.404173799999967,2.480025699999999
15,30000,1.0010348378372294,2.465179599999999,2.5379389999999944
16,30000,1.0006601050298707,2.487203099999988,2.5591115999999943
17,30000,1.0004443446525775,2.4358945999999833,2.5119933999999944
18,30000,1.0009563623629214,2.352348799999959,2.4364909999999895
19,30000,1.0004908770275525,2.471810600000026,2.547179799999981
20,30000,1.0006681066666399,2.496008599999982,2.576936699999976
21,30000,1.0006196103655143,2.4859550999999556,2.5640535
22,30000,1.0004166457520187,2.430989899999986,2.5062990999999784
23,30000,1.000579138459479,2.412376800000004,2.4916982000000303
24,30000,1.000752302485033,2.4666619000000196,2.5523622000000046
25,30000,1.0006371200943251,2.431691199999989,2.509421799999984
26,30000,1.0004861536796799,2.39058510000001,2.4700346000000195
27,30000,1.0004835035481348,2.3999332999999865,2.4816427999999746
28,30000,1.0007359703109453,2.448213800000019,2.524071300000003
29,30000,1.000729902840978,2.431203900000014,2.5074124999999867
30,30000,1.0006005973360632,2.4162962000000334,2.4949291000000358
31,30000,1.0005230091690247,2.3675054000000273,2.446432600000037
32,30000,1.0005300377646442,2.4731634999999983,2.5540039999999635
33,30000,1.0005865747672522,2.4231002000000217,2.504371400000025
34,30000,1.0005712579457566,2.3809742000000256,2.4617196000000376
35,30000,1.000610116684277,2.446119699999997,2.522491699999989
36,30000,1.0006378639293154,2.39841100000001,2.4778195999999753
37,30000,1.0007231936735546,2.3809164000000465,2.4746655999999803
38,30000,1.0004255723123545,2.4159867999999847,2.4924034000000006
39,30000,1.000468928124815,2.3805520000000797,2.4575512000000117
40,30000,1.0006237843166186,2.369002099999989,2.4509431999999833
41,30000,1.0006285467272238,2.4216831999999613,2.4972946999999976
42,30000,1.0005883472434944,2.324581500000022,2.3965760999999475
43,30000,1.0005927775309673,2.422339999999963,2.502432399999975
44,30000,1.0006968517351171,2.415961100000004,2.4894774000000552
45,30000,1.0005883778422702,2.3894279999999526,2.4716736999999966
46,30000,1.0003726059619202,2.48024810000004,2.558018000000061
47,30000,1.000759142831509,2.3688217000000122,2.4459753000001
48,30000,1.0005741271644943,2.4371991000000435,2.51729499999999
49,30000,1.000670149629455,2.477284499999996,2.551497700000027
50,30000,1.000413500135888,2.412231800000086,2.4906650000000354
51,30000,1.0006114974295444,2.3968161000000237,2.4739193999999998
1,31000,1.000546642300675,2.4536468000000013,2.531914299999926
2,31000,1.0004454484480358,2.3966866000000664,2.478498400000035
3,31000,1.0007906504324446,2.3722033000000238,2.4627917000000252
4,31000,1.000441206069031,2.44000189999997,2.5163850999999795
5,31000,1.0004387973983773,2.450655099999949,2.530599999999936
6,31000,1.0004002718327993,2.3719884999999294,2.45008949999999
7,31000,1.000561792187631,2.450069900000017,2.5266606999999794
8,31000,1.00047316890534,2.3616303000000016,2.439927799999964
9,31000,1.0004430943703608,2.503653999999983,2.582573199999956
10,31000,1.0004293476247987,2.560309699999948,2.6432826000000205
11,31000,1.0007665408722306,2.3879825999999866,2.4678925000000618
12,31000,1.000556998036037,2.400361099999941,2.4884303000000045
13,31000,1.0006550765484443,2.39966359999994,2.4875329000000193
14,31000,1.000635329848169,2.427059800000052,2.5042762000000494
15,31000,1.0005089258478634,2.4015560999999934,2.485798100000011
16,31000,1.000673463574455,2.3888375000000224,2.4775945000000092
17,31000,1.0008951849410868,2.501073099999985,2.581369099999961
18,31000,1.0008532055909714,2.4625394000000824,2.542295500000023
19,31000,1.0003324992370946,2.474641599999927,2.561650699999973
20,31000,1.0004481021763743,2.4264071999999715,2.503410699999904
21,31000,1.000634012163743,2.4004592000000002,2.4757856999999603
22,31000,1.0005431371334266,2.4163346000000274,2.4951214000000164
23,31000,1.000460860447956,2.3453673999999864,2.425387999999998
24,31000,1.0006300120100677,2.4765760000000228,2.5616492000000335
25,31000,1.0004031874361152,2.5163349000000608,2.599506500000075
26,31000,1.0007796487348288,2.5768178000000717,2.6574229999999943
27,31000,1.0006132057888628,2.6222717000000557,2.707984300000021
28,31000,1.0002707686733454,2.792050099999983,2.879146999999989
29,31000,1.0006349261867418,2.755483400000003,2.841922199999999
30,31000,1.0007927267790249,2.6460025000000087,2.7276878000000124
31,31000,1.000570000668997,2.63591550000001,2.72005850000005
32,31000,1.0004714748481558,2.4668278999999984,2.5508577000000514
33,31000,1.000455234695785,2.548388799999998,2.632995000000051
34,31000,1.0003816227605884,2.5017806000000746,2.578210399999989
35,31000,1.000390843394178,2.527871899999923,2.60846499999991
36,31000,1.0006672770729286,2.342070100000001,2.4314838999999893
37,31000,1.00057588302278,2.5270135999999184,2.607619899999918
38,31000,1.00048175626377,2.519336199999998,2.597368700000061
39,31000,1.000407997255145,2.427340999999956,2.515093399999955
40,31000,1.0006473002950327,2.4081400999999687,2.494261800000004
41,31000,1.0004715119904326,2.475318399999992,2.558567499999981
42,31000,1.0005637660309168,2.3515054000000646,2.4263904000000593
43,31000,1.0003847905932912,2.435233799999992,2.5310527999999977
44,31000,1.0004055335401536,2.378840099999934,2.4728708999999753
45,31000,1.0007124793725837,2.4326773999999887,2.5171452000000727
46,31000,1.0005985484235604,2.427415699999983,2.517131899999981
47,31000,1.0005550608028104,2.3555452000000514,2.441557400000079
48,31000,1.000557078001982,2.4517098000000033,2.5322543999999425
49,31000,1.0004459164753363,2.4753469000000905,2.5597695999999814
50,31000,1.0003785067403665,2.3779082000000926,2.472666100000083
51,31000,1.000424241527666,2.4391530999999986,2.5411649000000125
1,32000,1.0004465638788569,2.669149500000003,2.7541345999999294
2,32000,1.0005913783834572,2.618318199999976,2.7079749000000675
3,32000,1.000633226154128,2.554453599999988,2.644066500000008
4,32000,1.0004208106930381,2.530472199999963,2.615497399999981
5,32000,1.0003716360981803,2.523980399999914,2.605812799999967
6,32000,1.0005927595516657,2.3195488999999725,2.398720899999944
7,32000,1.000521729323463,2.3993551999999454,2.4773113999999623
8,32000,1.000729371709668,2.4872254000000567,2.579261200000019
9,32000,1.000616156443429,2.6448278999999957,2.7476210999999466
10,32000,1.0007705768921402,2.853030999999987,2.949560599999927
11,32000,1.0003033767045957,2.9386637000000064,3.0365902999999435
12,32000,1.0005520607920468,2.8612408000000187,2.948103299999957
13,32000,1.0003297758024037,2.829383000000007,2.9163542999999663
14,32000,1.0003086252899795,2.664061199999992,2.77114610000001
15,32000,1.0003117713383054,2.727079300000014,2.825389800000039
16,32000,1.0005721773138962,2.6807364999999663,2.766719799999919
17,32000,1.0006496650467227,2.6149092000000564,2.695418600000039
18,32000,1.0003788214074902,2.4945801000000074,2.5791044999999713
19,32000,1.0004961304917726,2.3719652999999425,2.4539539999999533
20,32000,1.0004660254514988,2.387118600000008,2.464903999999933
21,32000,1.0003850073118306,2.382270700000049,2.4655455000000757
22,32000,1.0004862969473713,2.401445400000057,2.4832890000000134
23,32000,1.000590543284858,2.4243784000000232,2.508194200000048
24,32000,1.0004124425496397,2.3984684000000698,2.481685900000002
25,32000,1.0007177722430638,2.4089135000000397,2.4909499000000324
26,32000,1.0004288183431143,2.3867219999999634,2.473746799999958
27,32000,1.0004197166174444,2.402411000000029,2.492794500000059
28,32000,1.0006149672277111,2.478159900000037,2.5621472999999924
29,32000,1.0004056073020788,2.393904300000031,2.4750285000000076
30,32000,1.0005773538757052,2.443082900000036,2.5344000999999707
31,32000,1.0004971882969869,2.4524332999999388,2.5375402999999324
32,32000,1.0005008721600752,2.3419906999999967,2.423996299999999
33,32000,1.0006264342957312,2.3762133000000176,2.4603076000000783
34,32000,1.0005471425026804,2.4152374000000236,2.4947961000000305
35,32000,1.00037979883452,2.396436200000039,2.482067000000029
36,32000,1.000440520663466,2.3967599000000064,2.476479100000006
37,32000,1.0006363357749686,2.4370265999999674,2.527120699999955
38,32000,1.0005803142101257,2.482363499999906,2.5627768999999034
39,32000,1.0004552979928518,2.449714800000038,2.5272158999999874
40,32000,1.0005958351859425,2.4805149999999685,2.5668761999999106
41,32000,1.0005015973338394,2.4626614000000018,2.5391705000000684
42,32000,1.0004452905832004,2.397347200000013,2.48368830000004
43,32000,1.0003207135957957,2.417504000000008,2.5055472000000236
44,32000,1.0005409634359248,2.403694499999915,2.4871224999999413
45,32000,1.000418492003217,2.4342035000000806,2.5154408000000785
46,32000,1.0006488059110576,2.450496899999962,2.5359754999999495
47,32000,1.0007190324781088,2.39273460000004,2.475838000000067
48,32000,1.0005106328477837,2.413480399999912,2.5195784000000003
49,32000,1.0004655871040873,2.5093144999999595,2.5958866999999373
50,32000,1.0005316389828625,2.5354978999999958,2.634186600000021
51,32000,1.000548842964107,2.509368699999982,2.5989197000000104
1,33000,1.0006306822401476,2.4185200000000577,2.505978099999993
2,33000,1.0003834895548152,2.404088500000057,2.4860615000000053
3,33000,1.0005609924476904,2.3810408000000507,2.46743749999996
4,33000,1.0007278123794257,2.389802199999963,2.4738067999999203
5,33000,1.0003924277556078,2.43481799999995,2.5221807000000354
6,33000,1.000507710800465,2.3756651999999576,2.466985799999975
7,33000,1.0005138857150944,2.389551900000015,2.481331399999931
8,33000,1.0006409226919417,2.423824599999989,2.5338599000000386
9,33000,1.000560996134724,2.67777030000002,2.7664412999999968
10,33000,1.0006911542264674,2.656110300000023,2.742473200000063
11,33000,1.0004502544495484,2.6513993999999457,2.7474966999999424
12,33000,1.0006266540919446,2.611999800000035,2.7045027000000346
13,33000,1.0004665816513714,2.420892600000002,2.510055100000045
14,33000,1.000601670844055,2.407620599999973,2.4923939999999902
15,33000,1.0003990911158815,2.417585900000063,2.5084000000000515
16,33000,1.0004385514559413,2.4442335999999614,2.5305009999999584
17,33000,1.0004559945609712,2.436608699999965,2.5219915999999785
18,33000,1.0006141095769017,2.4161411000000044,2.4967678999998952
19,33000,1.0003860070038655,2.5007640999999694,2.5941281000000345
20,33000,1.0002878645187214,2.4988749000000325,2.594967600000018
21,33000,1.00042650727573,2.4551400000000285,2.5357886000000462
22,33000,1.0005935656815228,2.45790820000002,2.541512799999964
23,33000,1.0005692718613388,2.4607859999999846,2.5493684000000485
24,33000,1.0003250286916967,2.416755100000046,2.509225600000036
25,33000,1.0005792603159678,2.4737808000000996,2.5686104000000114
26,33000,1.000866377217129,2.3921126000000186,2.489569500000016
27,33000,1.000247459336985,2.745669399999997,2.8518183999999565
28,33000,1.0004935092601304,2.7835525000000416,2.888064399999962
29,33000,1.0004139646912389,2.859088799999995,2.9513200000000097
30,33000,1.0005034032958011,2.7305480999999645,2.813553400000046
31,33000,1.0004703487904412,2.514711899999952,2.611931199999958
32,33000,1.0005022995792072,2.449202000000014,2.546550400000001
33,33000,1.0005625291580074,2.3741924000000836,2.4704236000000037
34,33000,1.0005040772960323,2.3448756999999887,2.44148210000003
35,33000,1.0005009633351485,2.4391443000000663,2.532245200000034
36,33000,1.0005288266479202,2.397569200000021,2.4920472999999674
37,33000,1.0005184029714493,2.398932499999887,2.486847799999964
38,33000,1.0004718435623678,2.4340106000000787,2.514835400000038
39,33000,1.0003951064151646,2.3780573999999888,2.4670307000000093
40,33000,1.00060253655267,2.5149258000000145,2.6095231000000467
41,33000,1.00034549105899,2.40047160000006,2.495728299999996
42,33000,1.0004912434277984,2.3660856000000194,2.456726500000059
43,33000,1.0005639469852958,2.4172867999999426,2.498606499999937
44,33000,1.0004429828663994,2.476149899999996,2.5635427999999365
45,33000,1.0004495061490302,2.350492700000018,2.4351391999999805
46,33000,1.0003962149115115,2.4013022999999976,2.4891245999999683
47,33000,1.0004461363999724,2.420950400000038,2.515674900000022
48,33000,1.0004660705935589,2.3665045999999847,2.463122999999996
49,33000,1.0004463376427466,2.3237358000000086,2.4087590999999975
50,33000,1.0004935608265029,2.342053999999962,2.4234437999999727
51,33000,1.0003527408276938,2.3819773999999825,2.460599699999989
1,34000,1.0004442263802613,2.3893882000000985,2.4792028000000528
2,34000,1.0004086193256925,2.4110760000000937,2.4996115000000145
3,34000,1.0004714824236507,2.381838499999958,2.468560899999943
4,34000,1.0004276386318647,2.4058952999999974,2.494268599999941
5,34000,1.0004488836117107,2.471234400000071,2.556146500000068
6,34000,1.0003182590405983,2.449068499999953,2.5455396999999493
7,34000,1.0004764879917925,2.4062284999999974,2.5015152000000853
8,34000,1.0006605230882804,2.375644800000032,2.460412099999985
9,34000,1.000438916899636,2.389218200000073,2.4787953000000016
10,34000,1.0003975200418154,2.4625875000000406,2.5635975000000144
11,34000,1.0003068327230766,2.4122767999999724,2.51676719999989
12,34000,1.000571026236556,2.4167480999999498,2.513778299999899
13,34000,1.0003466353179078,2.448828899999967,2.534548299999983
14,34000,1.0004048127471636,2.3716100000000324,2.4600540000000137
15,34000,1.0004152350334632,2.4833413000000064,2.5777779999999666
16,34000,1.0004446177473276,2.4690652000000455,2.5565866000000597
17,34000,1.0005734809449578,2.42329129999996,2.5122162000000117
18,34000,1.0003383292433232,2.297443199999975,2.385154199999988
19,34000,1.0003639506908593,2.397055000000023,2.4879479999999603
20,34000,1.000445085249609,2.4915229999999156,2.583817999999951
21,34000,1.000560893102741,2.4424516000000267,2.526731199999972
22,34000,1.00033257099422,2.3735546999999997,2.4607981000000336
23,34000,1.00051872103656,2.3727749000000813,2.4754540000000134
24,34000,1.0005404198093253,2.41955930000006,2.5092306000000235
25,34000,1.0004450903966295,2.413006399999972,2.508630100000005
26,34000,1.0005331912216697,2.4189025000000584,2.504690299999993
27,34000,1.000364595374977,2.4110589999999092,2.5029672999999093
28,34000,1.0003113737548086,2.390330800000015,2.4769986999999674
29,34000,1.0002503932448426,2.3323215000000346,2.417192800000066
30,34000,1.0004698893955009,2.4194185999999718,2.5044631999999183
31,34000,1.0002710879362307,2.3586424999999736,2.4489025999999967
32,34000,1.0005457863402292,2.3770229000000427,2.465609200000017
33,34000,1.000470509781251,2.417105700000093,2.513266200000089
34,34000,1.0007100440506085,2.3663129000000254,2.4502105999999912
35,34000,1.000496106008699,2.3792104000000336,2.4647747999999865
36,34000,1.0003617981450272,2.41356159999998,2.5022326000000703
37,34000,1.0004153874330797,2.3774058000000196,2.475774099999967
38,34000,1.0005393112806031,2.456203999999957,2.5436406000000034
39,34000,1.0003276004683064,2.3478569000000107,2.438986200000045
40,34000,1.0003507972315198,2.4115706000000046,2.5083445999999867
41,34000,1.000372094783406,2.540411199999994,2.626189199999999
42,34000,1.000433985057514,2.52222340000003,2.62616330000003
43,34000,1.000664718595846,2.4078382000000147,2.514738100000045
44,34000,1.0004379109747656,2.491252500000087,2.572439900000063
45,34000,1.00045109767417,2.512040099999922,2.600747100000035
46,34000,1.0004317662730222,2.406870300000037,2.505275900000015
47,34000,1.0004227856787327,2.4775924000000487,2.576168300000063
48,34000,1.0003047158593075,2.452682100000061,2.543158500000004
49,34000,1.0005275406851257,2.5113661999999977,2.6077397999999903
50,34000,1.0005506133393616,2.4345679000000473,2.5293560999999727
51,34000,1.0003456687338665,2.4321552999999767,2.5222089999999753
1,35000,1.000342210815558,2.4481650000000172,2.548502699999972
2,35000,1.0004721174736382,2.410432700000001,2.5035077
3,35000,1.0003622102304859,2.413729000000103,2.5049682000000075
4,35000,1.000359398401456,2.4490441000000374,2.5392995000000838
5,35000,1.0003831015055433,2.4820293999999876,2.5705282000000125
6,35000,1.0003235100809083,2.3998340000000553,2.491601400000036
7,35000,1.0004435439481205,2.4211225999999897,2.5083516999999347
8,35000,1.0002775248251121,2.4535207000000128,2.541318599999954
9,35000,1.0004569929819467,2.4375021000000743,2.523776800000064
10,35000,1.0003082746853291,2.45323970000004,2.5507557000000816
11,35000,1.0005172641884508,2.332636100000059,2.4228229000000283
12,35000,1.000350296189083,2.5146376000000146,2.603319499999998
13,35000,1.0006304549466936,2.4543994000000566,2.5424461000000065
14,35000,1.000462893936689,2.388923200000022,2.4812023000000636
15,35000,1.0005371542949235,2.375992399999973,2.4677067999999736
16,35000,1.0003980662946925,2.3931691999999885,2.4818978999999217
17,35000,1.000606037645079,2.7761528999999427,2.8682678000000124
18,35000,1.000399867922933,2.704876199999944,2.7929723999999396
19,35000,1.0003881757859967,2.7506726999999955,2.8428078999999116
20,35000,1.0003582119880536,2.7055024000000003,2.8120854999999665
21,35000,1.0004828009421696,2.677365000000009,2.7650509999999713
22,35000,1.0004994937978684,2.690471699999989,2.7824459000000843
23,35000,1.0003798988812724,2.597109000000046,2.6953445999999985
24,35000,1.0004801319752612,2.6291751999999633,2.7241167999999334
25,35000,1.000482127585025,2.4256734999999026,2.5163399999999
26,35000,1.0006064225106637,2.425214799999935,2.5186747999999852
27,35000,1.0003337795030576,2.398799800000006,2.4993831000000455
28,35000,1.0004882783358156,2.406422300000031,2.495673600000032
29,35000,1.0002694625680257,2.4622527999999875,2.559657399999992
30,35000,1.0004159344047818,2.4421823999999788,2.5369018999999753
31,35000,1.0003022718079373,2.4910732999999254,2.581449799999973
32,35000,1.0003745513865072,2.509984499999973,2.597261000000003
33,35000,1.0005388344394466,2.4518688000000566,2.551129500000002
34,35000,1.0002950896358531,2.4090997999999217,2.509134300000028
35,35000,1.000404976436879,2.3743215000000646,2.466093399999977
36,35000,1.0003137358552858,2.435693800000081,2.5328287000000955
37,35000,1.0003998371779805,2.482694600000059,2.5986912000000757
38,35000,1.0003656787685182,2.4124684999999317,2.528487700000028
39,35000,1.0003934875674532,2.39683100000002,2.4997112999999445
40,35000,1.0003742895441339,2.4624426000000312,2.5499733000000333
41,35000,1.0003082160338694,2.5127354999999625,2.6309208999999782
42,35000,1.0004013250245802,2.553002099999958,2.689768699999945
43,35000,1.0005889357473758,2.5134905999999546,2.64227249999999
44,35000,1.0004378875289714,2.5288678000000573,2.616984000000002
45,35000,1.0002058485124325,2.5275766999999405,2.6545137999999042
46,35000,1.0003887208873528,2.445128199999999,2.580819500000075
47,35000,1.0004447702770916,2.475830100000053,2.599120599999992
48,35000,1.0002963059142846,2.482280199999991,2.571729100000084
49,35000,1.000385226966784,2.3742022000000134,2.5020260999999664
50,35000,1.00044838526847,2.4325930999999628,2.5632616000000326
51,35000,1.000561820303497,2.3561531000000286,2.492634800000019
1,36000,1.0006249971394474,2.380711099999985,2.4685962999999447
2,36000,1.0002614097187894,2.3900226000000657,2.500648299999966
3,36000,1.0003181132492156,2.417186099999981,2.536901999999941
4,36000,1.0002569476980034,2.4378240000000915,2.55028290000007
5,36000,1.00043445272672,2.421498799999995,2.5215688000000682
6,36000,1.0002398897128395,2.4113766000000396,2.510405999999989
7,36000,1.0003361344809978,2.4557892000000265,2.5777044999999816
8,36000,1.0002678409893948,2.4232423999999355,2.5429386999999224
9,36000,1.000311598001309,2.351931400000012,2.4510720000000674
10,36000,1.0004346959373938,2.485590000000002,2.5993001000000504
11,36000,1.0002893292726558,2.387318200000095,2.514564000000064
12,36000,1.0004000155594426,2.387280799999985,2.5131953000000067
13,36000,1.0003264198827269,2.3973097000000507,2.4924901000000546
14,36000,1.0006800905689774,2.374347000000057,2.4961759000000256
15,36000,1.0003869074237868,2.3644491999999673,2.48158269999999
16,36000,1.0003438586919644,2.4148903000000246,2.5137335000000576
17,36000,1.0002857060167367,2.44239970000001,2.530047599999989
18,36000,1.0003094860032145,2.337170599999922,2.445947399999909
19,36000,1.0002823324639658,2.360113599999977,2.4722589000000426
20,36000,1.0002818892028382,2.439711299999999,2.5486307999999553
21,36000,1.0004677544884832,2.39505250000002,2.495851700000003
22,36000,1.0003048012445892,2.3598285000000487,2.4708087000000205
23,36000,1.0003532570454932,2.3209735000000364,2.4275118000000475
24,36000,1.000331785313326,2.3204299999999876,2.416042700000048
25,36000,1.0006536637678909,2.369259799999895,2.456152399999951
26,36000,1.0004044439485382,2.389870299999984,2.4921789999999646
27,36000,1.000475801331647,2.4631553000000395,2.587895200000048
28,36000,1.0005538740566602,2.347803800000065,2.4633486000000175
29,36000,1.0004815315852877,2.534906200000023,2.627135199999998
30,36000,1.0004335612501036,2.4289642999999614,2.534091500000045
31,36000,1.0003850913694925,2.3791233000000602,2.490707000000043
32,36000,1.0003672618773318,2.430004199999985,2.5286960000000818
33,36000,1.000302545444627,2.3424746000000596,2.4415301999999883
34,36000,1.0003742312598094,2.418861800000059,2.5105747000000065
35,36000,1.000282688090081,2.3891159999999445,2.4928135999999768
36,36000,1.000348382053789,2.523240200000032,2.6184709999999995
37,36000,1.00061011408002,2.498918099999969,2.5918263999999454
38,36000,1.0003954231262069,2.453827400000023,2.5586448999999902
39,36000,1.0002754865719488,2.4130096000000094,2.5330478999999286
40,36000,1.0005046594242382,2.3435623000000305,2.4581038000000035
41,36000,1.000282894125621,2.429487399999971,2.5192293000000063
42,36000,1.0003853385403847,2.4210570999999845,2.5470584999999346
43,36000,1.0004534325101,2.4205299000000196,2.5582309000000123
44,36000,1.000448655875726,2.4294724999999744,2.5626323000000184
45,36000,1.0003874867008344,2.433312399999977,2.532615299999975
46,36000,1.0003858510316284,2.4084269999999606,2.5227251000000024
47,36000,1.00057255199236,2.4144505000000436,2.533947699999999
48,36000,1.0003695123754384,2.4512468000000354,2.5622262000000546
49,36000,1.0005049979136764,2.382472900000039,2.4803901000000224
50,36000,1.0003126036041927,2.383564500000034,2.4998368000000255
51,36000,1.0005120532535228,2.3617592000000514,2.477188500000011
1,37000,1.0003875808755727,2.4088182000000415,2.5102518999999575
2,37000,1.0002244939459783,2.364723799999979,2.4663236000000097
3,37000,1.0004353089714904,2.4057225000000244,2.517943100000025
4,37000,1.0004486608733865,2.4157698999999866,2.5259227999999894
5,37000,1.0003623963893644,2.4953546000000415,2.5981063000000404
6,37000,1.0003198429199744,2.4781530000000203,2.5700650999999652
7,37000,1.000279140541975,2.3780418000000054,2.4709216999999626
8,37000,1.0003991256691478,2.488822099999993,2.5833697000000484
9,37000,1.0004333259268445,2.487932999999998,2.585920699999974
10,37000,1.0002974146299828,2.3912123000000065,2.4877014999999574
11,37000,1.000412417492871,2.403456300000016,2.4975491000000147
12,37000,1.000404041120939,2.398700500000018,2.499468699999966
13,37000,1.0004908336895966,2.518364800000086,2.655037400000083
14,37000,1.0002724527274398,2.380776400000059,2.523746899999992
15,37000,1.000322202568857,2.381386300000031,2.476747400000022
16,37000,1.000385122058912,2.409625799999958,2.501090500000032
17,37000,1.0004879216419738,2.376218300000005,2.498641199999952
18,37000,1.0003240030228553,2.3505969999999934,2.4717012999999497
19,37000,1.0002588117737177,2.4277320999999574,2.5275514999999587
20,37000,1.000339405755768,2.400665300000014,2.4989612000000534
21,37000,1.0004764393853456,2.3118957000000364,2.4130347999999913
22,37000,1.0003261078218006,2.496396699999991,2.5945467000000235
23,37000,1.0003639726804119,2.4723807999999963,2.571234499999946
24,37000,1.000305842026296,2.4665317999999843,2.5573023000000603
25,37000,1.0005223397198504,2.469656699999973,2.562684300000001
26,37000,1.0003621729228556,2.435631599999965,2.5275369999999384
27,37000,1.0004494315320944,2.4495829999999614,2.553481099999999
28,37000,1.000382195375897,2.462158400000021,2.5544095000000198
29,37000,1.0003065531244764,2.473018199999956,2.573273399999948
30,37000,1.0004672406218795,2.431633799999986,2.5284621000000698
31,37000,1.0003646791086842,2.389030899999966,2.4893074999999953
32,37000,1.00032685028172,2.3530530000000454,2.4493320000000267
33,37000,1.0003768090619531,2.3485984000000144,2.456100200000037
34,37000,1.0002329798033256,2.423030400000016,2.5225545999999213
35,37000,1.0005365524080263,2.4263340999999627,2.5276624999999058
36,37000,1.000435809652583,2.4342540999999756,2.5387011000000257
37,37000,1.000341224329283,2.4353527999999187,2.535533600000008
38,37000,1.000297552988725,2.4663119000000506,2.57053140000005
39,37000,1.0003151796530794,2.4868099999999913,2.5967178000000786
40,37000,1.0003815514118135,2.392624400000045,2.5023179999999456
41,37000,1.0004261827282255,2.359644399999979,2.458513000000039
42,37000,1.000379400769295,2.423977700000023,2.5166566999999986
43,37000,1.0003577163653687,2.4664351000000124,2.5748614999999972
44,37000,1.000216448712218,2.460513600000013,2.57637150000005
45,37000,1.0003513754937359,2.5926992000000837,2.703503400000045
46,37000,1.000301778826538,2.633669800000007,2.730185600000027
47,37000,1.0004299490057191,2.4554948999999624,2.5704085999999506
48,37000,1.0004138213022786,2.436881699999958,2.5503486999999723
49,37000,1.0004775939822514,2.4673788999999715,2.569005899999979
50,37000,1.0002746389771853,2.538504200000034,2.6329719000000296
51,37000,1.0004246257594136,2.347848499999941,2.4533734000000322
1,38000,1.0002250950794753,2.4085467999999537,2.510263499999951
2,38000,1.0003230152063598,2.4029967999999826,2.507738300000028
3,38000,1.0004050874108963,2.3117849000000206,2.4202619999999797
4,38000,1.0003280237436591,2.3929595000000745,2.492441700000086
5,38000,1.000279125994354,2.4795093999999835,2.5907216000000517
6,38000,1.0002643136646072,2.4907836999999518,2.589675800000009
7,38000,1.000313682081753,2.4005710000000136,2.504647699999964
8,38000,1.0003588206692846,2.3761283999999705,2.4790676999999732
9,38000,1.000359192060329,2.448673699999972,2.5496673999999757
10,38000,1.0003346771212789,2.425697899999932,2.522387999999978
11,38000,1.0002634472509062,2.439883200000054,2.5515725000000202
12,38000,1.000317863904326,2.406011499999977,2.501561400000014
13,38000,1.0003767252119717,2.404093400000079,2.5038150000000314
14,38000,1.000310417332876,2.453012899999976,2.553507399999944
15,38000,1.0003706602102425,2.398767899999939,2.4971069999999145
16,38000,1.0003629405808003,2.409728599999994,2.514021699999944
17,38000,1.000371966222968,2.3598784000000705,2.462350000000015
18,38000,1.0002670702371708,2.4012815999999475,2.4959291999999778
19,38000,1.0002749623559635,2.45135259999995,2.5560960999999907
20,38000,1.0003783795196506,2.5138147000000117,2.62855890000003
21,38000,1.0003871642811917,2.38706209999998,2.4944536000000426
22,38000,1.0002756495204856,2.518405600000051,2.6171448000000055
23,38000,1.0003324486356977,2.4314714999999296,2.530491999999981
24,38000,1.0003607478526506,2.4367315999999164,2.5427510999999186
25,38000,1.0002933223255321,2.486678299999994,2.5815198999999893
26,38000,1.0003063710270557,2.462775400000055,2.5732954000000063
27,38000,1.0003415184016122,2.4519273999999314,2.5538904000000002
28,38000,1.0004530521055435,2.4062754999999925,2.5132003999999597
29,38000,1.0005132914121886,2.3935238000000254,2.502536999999961
30,38000,1.0002258971765803,2.3880812000001015,2.483092200000101
31,38000,1.0003130240447753,2.3886052999999947,2.4919730999999956
32,38000,1.0002594605957302,2.477838399999996,2.603771599999959
33,38000,1.0004187058473502,2.4482794000000467,2.56628139999998
34,38000,1.0002677676744753,2.5359856000000036,2.6294491999999536
35,38000,1.0003664031329926,2.50047619999998,2.595945200000074
36,38000,1.0002368444509981,2.4114700000000084,2.5148020000000315
37,38000,1.0003707933195407,2.47186320000003,2.580547900000056
38,38000,1.0002606057146313,2.44026359999998,2.537051099999985
39,38000,1.000373428419873,2.524191700000074,2.6261468999999806
40,38000,1.000404143049916,2.467609799999991,2.5647655000000213
41,38000,1.000453141406773,2.5287471000000323,2.627601600000048
42,38000,1.000382078376018,2.3866727000000765,2.4890201000000616
43,38000,1.0002399046174504,2.3974133000000393,2.492958700000031
44,38000,1.000288607467422,2.4479671999999937,2.540736299999935
45,38000,1.0004687426973449,2.368736399999989,2.4724367999999686
46,38000,1.0003402286119127,2.361480599999936,2.468623399999956
47,38000,1.0002565870101952,2.4230890000000045,2.524157999999943
48,38000,1.000299352408541,2.634742099999926,2.747304299999996
49,38000,1.0003680990199113,2.6244091000000935,2.729324500000075
50,38000,1.0003345384243252,2.581590199999937,2.6788212999999814
51,38000,1.0002981497549357,2.5826231999999436,2.6790185999999494
1,39000,1.0003610348767635,2.3928792000000385,2.4944973000000346
2,39000,1.0003402193139888,2.4850296999999273,2.6100063999999747
3,39000,1.0003377321200146,2.440035899999998,2.5794759999999997
4,39000,1.0003543096170446,2.674720500000035,2.780695499999979
5,39000,1.0003422263699564,2.9128210999999737,3.0070137999999815
6,39000,1.0003852381865102,2.874478799999906,2.9869262999999364
7,39000,1.0002227414766727,2.8950596000000814,2.993411700000024
8,39000,1.000301903590469,2.8024814000000333,2.92274180000004
9,39000,1.0002978974578116,2.888122800000019,2.991843000000017
10,39000,1.0002784023672893,3.0246027000000595,3.149117600000068
11,39000,1.00036729966093,3.042391699999939,3.1512098999999125
12,39000,1.0004082905819052,2.969654699999978,3.0681632999999238
13,39000,1.0002983603004847,2.714797800000042,2.8200370000000703
14,39000,1.0002775070431598,2.7098327000001063,2.8234796000000415
15,39000,1.0002815099578912,2.6708998000000292,2.7869497000000365
16,39000,1.0002368767037721,2.8010984999999664,2.9090461000000687
17,39000,1.0002417123608807,2.8868830000000116,3.012226700000042
18,39000,1.0002466504405947,2.875326599999994,3.0087446
19,39000,1.0002266775268172,2.916275300000052,3.0347432000000936
20,39000,1.000240385818931,2.9105178000000933,3.0183133000000453
21,39000,1.0003779054263804,2.769106099999931,2.8755654000000277
22,39000,1.00049091239176,2.6625009000000546,2.7608937999999625
23,39000,1.0003031840530459,2.6847261000000344,2.796068900000023
24,39000,1.0002594061535608,2.762825199999952,2.8592811999999412
25,39000,1.0001644197706407,2.6230467999999973,2.7331608000000642
26,39000,1.0002998861020307,2.590073200000006,2.6972516000000724
27,39000,1.0003601660936072,2.604052299999921,2.7074936999999863
28,39000,1.000253511041721,2.7224060999999438,2.8540255000000343
29,39000,1.000281596020679,2.6493026999999074,2.7572801999999683
30,39000,1.0002723928480766,2.6749174999999923,2.7885383000000274
31,39000,1.0003484480749485,2.599151500000062,2.7095431999999846
32,39000,1.0003077651394807,2.498037100000033,2.6111085000000003
33,39000,1.0004493591056187,2.458548999999948,2.5925512000000026
34,39000,1.000371971066223,2.5219127999999955,2.6224937000000637
35,39000,1.0002027525674,2.5015408999998954,2.617685399999914
36,39000,1.0003230045806497,2.647677900000076,2.7726012000000537
37,39000,1.0003012093285624,2.8376842000000124,2.9428903000000446
38,39000,1.0003216134621893,2.844735499999956,2.954190199999971
39,39000,1.0002439364010423,2.7796116000000666,2.89145910000002
40,39000,1.0001973515266716,2.7255394000000024,2.8208971999999903
41,39000,1.000353762018538,2.547694299999989,2.6654555000000073
42,39000,1.0004250407638873,2.742792300000019,2.9214058000000023
43,39000,1.000352824813394,2.6694319000000633,2.8522380000000567
44,39000,1.0002929929998419,2.85768470000005,2.9786066000000346
45,39000,1.0003202237275133,2.7773367999999437,2.895168099999978
46,39000,1.0002932322414395,2.663682900000026,2.761559600000055
47,39000,1.000259687753734,2.7638374999999087,2.869027499999902
48,39000,1.0002627734767777,2.725470599999994,2.8295400000000654
49,39000,1.0004208394326153,2.560663100000056,2.6668147000000317
50,39000,1.0003851665200243,2.617591800000014,2.736592299999984
51,39000,1.0002486943138262,2.6905384000000367,2.79554440000004
1,40000,1.0002857614750658,2.5974732999999333,2.7032471999999643
2,40000,1.0003566821431686,2.52706790000002,2.628210000000081
3,40000,1.000303982773718,2.4228014999999914,2.527045199999975
4,40000,1.000255396968504,2.461977200000092,2.5703646000000617
5,40000,1.0002609736409336,2.50458720000006,2.614479600000095
6,40000,1.00028941195975,2.8400574999999435,2.9484463000000005
7,40000,1.000249935600781,2.851383300000066,2.951837899999987
8,40000,1.000314067189439,2.786177299999963,2.8972577999999203
9,40000,1.0002697927844038,2.749386299999969,2.8525157000000263
10,40000,1.000347148585706,2.459367899999961,2.557186099999967
11,40000,1.0002483492214373,2.4507512000000133,2.5595895000000155
12,40000,1.0003100113275516,2.4976316000000907,2.603193900000065
13,40000,1.00029980633819,2.4597102000000177,2.5673778999999968
14,40000,1.0003032762339048,2.4275900000000092,2.529712399999994
15,40000,1.0002579124244528,2.440133400000036,2.536048400000027
16,40000,1.0002817881365116,2.4416376000000355,2.5454178999999613
17,40000,1.0003521060010065,2.433298200000081,2.537195200000042
18,40000,1.0003705737307214,2.395911999999953,2.493804800000021
19,40000,1.0001751878615341,2.4100886000001083,2.5175497000000178
20,40000,1.0002225494510786,2.4535061999999925,2.559264199999916
21,40000,1.0002491604081978,2.4905032000000347,2.5898211999999603
22,40000,1.000283504009892,2.4141395999999986,2.5154661999999917
23,40000,1.0003346871364303,2.4715406999999914,2.581529199999977
24,40000,1.0002574565898583,2.3986977000000707,2.5037084000000505
25,40000,1.0003213158311206,2.4293791000000056,2.5370185000000447
26,40000,1.0003442826710183,2.3921819000000824,2.491700900000069
27,40000,1.0003677003741402,2.4591806999999335,2.5749516999999287
28,40000,1.0003175572086136,2.4844645000000583,2.5938379000000396
29,40000,1.0002561118533917,2.427876699999956,2.5316722000000027
30,40000,1.0002115459730863,2.4445252000000437,2.5509316000000126
31,40000,1.0003461333771344,2.37548240000001,2.476331600000094
32,40000,1.000340217793107,2.4895826999999144,2.59275439999999
33,40000,1.0002572979694682,2.4067609000001084,2.508418000000006
34,40000,1.0002500164159747,2.4079255999999987,2.508616300000085
35,40000,1.0002904667976065,2.3772073999999748,2.4863405999999486
36,40000,1.0002421045514236,2.4444544000000406,2.5499360000000024
37,40000,1.0002837751375802,2.549709000000007,2.6740654999999833
38,40000,1.0003194827813089,2.833051399999931,2.9366321999999627
39,40000,1.0002241228697457,2.646490700000072,2.746962200000098
40,40000,1.000252073394205,2.632349500000032,2.7464704999999867
41,40000,1.0002832847939274,2.6719663000000082,2.769821900000011
42,40000,1.000225789703658,2.4372796999999764,2.554213499999946
43,40000,1.0003655922969672,2.593567500000063,2.7152188000000024
44,40000,1.0003093315006408,2.522430600000007,2.6378956000000926
45,40000,1.00019238860927,2.6426378999999542,2.7565892000000076
46,40000,1.0003162643710797,2.6329957000000377,2.7383541000000378
47,40000,1.0002603710456281,2.6294423999999026,2.731492199999934
48,40000,1.0002119780951924,2.5085997999999563,2.6148752999999942
49,40000,1.0002539867793898,2.4088325999999824,2.50194190000002
50,40000,1.00036433572744,2.3132629000000406,2.4075123000000076
51,40000,1.000308788100171,2.2345705999999836,2.331289599999991
